# ARM64 packages outside install/omarchy-base.packages, considered separately.
# Columns: package<TAB>action<TAB>replacement<TAB>reason
# A dated Pi repository snapshot is documented in docs/arm64-package-audit.md; recheck before deployment.

egl-wayland	exclude	-	NVIDIA EGLStream platform has no identified consumer on the Pi V3D desktop; it is not a generic Wayland EGL dependency.
gtk3	candidate	-	gtk-launch runtime used by the installed application launcher.
libnotify	candidate	-	Standard desktop notification client runtime and notify-send utility.
gtk4-layer-shell	candidate	-	Layer-shell support used by compatible GTK desktop components; verify at deployment.
libpulse	candidate	-	PulseAudio client API used by desktop applications and controls.
mesa	candidate	-	Pi graphics userspace baseline for the V3D/DRM stack; preserve the existing firmware and overlay.
polkit	candidate	-	Policy daemon required by the Quickshell authentication agent; verify agent/session integration at deployment.
pipewire	candidate	-	Audio graph runtime paired with wireplumber.
pipewire-audio	candidate	-	Upstream audio controls use the PipeWire audio metapackage on the current desktop.
pipewire-alsa	candidate	-	ALSA compatibility for the audio baseline.
pipewire-jack	candidate	-	Explicit PipeWire JACK provider selected by the reviewed image-desktop transaction; avoid an ambiguous jack2 provider choice.
pipewire-pulse	candidate	-	PulseAudio-compatible server expected by desktop applications and audio controls.
qt6-wayland	candidate	-	Qt Wayland platform integration for graphical applications.
rav1e	candidate	-	HEIF/AVIF support for imv: libheif's optional rav1e plugin is loaded by the viewer and otherwise fails because librav1e.so.0.8 is absent.
python	candidate	-	Python interpreter used by helper/runtime components; verify the dependency closure at deployment.
ttf-liberation	candidate	-	Practical fallback font coverage for the selected Chromium browser.
vulkan-broadcom	candidate	-	Pi-specific Vulkan userspace candidate; verify package/provider without changing firmware.
zram-generator	defer	-	Optional compressed-swap tuning from the ISO package set; separate from boot/FDE protection.
