name	version	repository	architecture	download_bytes	url	sha256
abseil-cpp	20260817.0-2	extra	aarch64	1310120	http://mirror.archlinuxarm.org/aarch64/extra/abseil-cpp-20260817.0-2-aarch64.pkg.tar.xz	c003392fa0d87f66c08b202e49835c20f03d5e8c4e3e61e510c8839242293775
aquamarine	0.15.1-1	extra	aarch64	396652	http://mirror.archlinuxarm.org/aarch64/extra/aquamarine-0.15.1-1-aarch64.pkg.tar.xz	49dc8acbad78f97698bcefaba742c231eb108db41e6afaa3b89bac078eb22b7d
benchmark	1.9.5-2	extra	aarch64	222384	http://mirror.archlinuxarm.org/aarch64/extra/benchmark-1.9.5-2-aarch64.pkg.tar.xz	710ab192abd501f2783bfb665377d0c3324a7619763a8b2afda0d69bc8798b96
bubblewrap	0.12.0-1	extra	aarch64	41732	http://mirror.archlinuxarm.org/aarch64/extra/bubblewrap-0.12.0-1-aarch64.pkg.tar.xz	63b6bf71039e5efc254fb9e567bb915c6310ac1a9a84957f2b5c22d53383a62f
cairo	1.18.4-1	extra	aarch64	584132	http://mirror.archlinuxarm.org/aarch64/extra/cairo-1.18.4-1-aarch64.pkg.tar.xz	e8515ab333a4da9270b05a3b926594a2e682b454b797370ef0400c2e842fc136
dav1d	1.5.4-1	extra	aarch64	343120	http://mirror.archlinuxarm.org/aarch64/extra/dav1d-1.5.4-1-aarch64.pkg.tar.xz	1bacfe3c1125b7fe32d9fd9cce8fa48fd93aa0daf43608c2f92e6c1418ab9aeb
default-cursors	3-1	extra	any	2412	http://mirror.archlinuxarm.org/aarch64/extra/default-cursors-3-1-any.pkg.tar.xz	19a87290af8829271e9670576096b08b9262d8fac1e3deb4167d7cd3d3ae1830
fcft	3.3.3-1	extra	aarch64	83600	http://mirror.archlinuxarm.org/aarch64/extra/fcft-3.3.3-1-aarch64.pkg.tar.xz	dd72cdc9444d2bbc45a345e617a95a645040d2e7e2b0b8f7de78615a6e33bf30
fontconfig	2:2.18.3-2	extra	aarch64	385820	http://mirror.archlinuxarm.org/aarch64/extra/fontconfig-2:2.18.3-2-aarch64.pkg.tar.xz	8f3bf0609eb73b15526179357e139441bf1a9a502c3b948f0925e9b1b586129a
foot	1.28.0-2	extra	aarch64	316956	http://mirror.archlinuxarm.org/aarch64/extra/foot-1.28.0-2-aarch64.pkg.tar.xz	f941e7955c4ac814e99c3f2f91179c64c9de0c8fe26e3ab341e911e8cdbd83b6
freetype2	2.14.3-1	extra	aarch64	487400	http://mirror.archlinuxarm.org/aarch64/extra/freetype2-2.14.3-1-aarch64.pkg.tar.xz	080b6aa7827298e5b92800229d76689e0dbff08cd96690ae75e8feedf6a9ae5d
fribidi	1.0.16-2	extra	aarch64	70548	http://mirror.archlinuxarm.org/aarch64/extra/fribidi-1.0.16-2-aarch64.pkg.tar.xz	fb67c8b4fff88abc70ca28e3033844f783f2df9dea3d0212d21013e2e316fc88
gdk-pixbuf2	2.44.6-2	extra	aarch64	446168	http://mirror.archlinuxarm.org/aarch64/extra/gdk-pixbuf2-2.44.6-2-aarch64.pkg.tar.xz	b82777737dc0bd778040595ef78f73b9f03c06f4e45320490f5dbf80e393b657
giflib	6.1.3-2	extra	aarch64	85008	http://mirror.archlinuxarm.org/aarch64/extra/giflib-6.1.3-2-aarch64.pkg.tar.xz	e76eb0af39d3d9bb7a5f792d3040c7524c49bbe69395df54e4193a4510ed2e87
glslang	1:1.4.357.0-1	extra	aarch64	2120656	http://mirror.archlinuxarm.org/aarch64/extra/glslang-1:1.4.357.0-1-aarch64.pkg.tar.xz	f2415c238ca8299f9f31ae87c263d4ceb269364b0826e91f5fc9a1fefbaac243
glycin	2.1.5-2	extra	aarch64	3357200	http://mirror.archlinuxarm.org/aarch64/extra/glycin-2.1.5-2-aarch64.pkg.tar.xz	4e81cfef254f37e444a35c15d023f2fcdbd1586e8b48f47899ed9d81c52e9f4c
gperftools	2.18.1-1	extra	aarch64	469944	http://mirror.archlinuxarm.org/aarch64/extra/gperftools-2.18.1-1-aarch64.pkg.tar.xz	3cc5b9b683c6c783694759b2de1c618d7c20c3a36e9d8cb29eeeb0ca20fe8bbc
graphite	1:1.3.15-1	extra	aarch64	80168	http://mirror.archlinuxarm.org/aarch64/extra/graphite-1:1.3.15-1-aarch64.pkg.tar.xz	87c700c71585c7f44f951928184deb690a78d39ad36ea9b6c07c59d7592e4c92
gtest	1.18.0-1	extra	aarch64	362640	http://mirror.archlinuxarm.org/aarch64/extra/gtest-1.18.0-1-aarch64.pkg.tar.xz	b89d9d236da04689bf776e8639976a7568957ea4cd11b5035204daf5211f3d7a
harfbuzz	14.5.0-1	extra	aarch64	1322464	http://mirror.archlinuxarm.org/aarch64/extra/harfbuzz-14.5.0-1-aarch64.pkg.tar.xz	fcd8e850bdc41268a5d4d9c2de98b5c38f80c889ba5faace7351470f6bf4b622
highway	1.4.0-1	extra	aarch64	737544	http://mirror.archlinuxarm.org/aarch64/extra/highway-1.4.0-1-aarch64.pkg.tar.xz	5679e47d31ae1ecca8b7e18b9a24ce6027ca333c42d9283bbd30ea7fa672ba8f
hyprcursor	0.1.13-7	extra	aarch64	204804	http://mirror.archlinuxarm.org/aarch64/extra/hyprcursor-0.1.13-7-aarch64.pkg.tar.xz	c30d748c7942abb8f20c212c7e17f86199007f6ef4e20f07d95c3e47db6f63de
hyprgraphics	0.5.1-4	extra	aarch64	79400	http://mirror.archlinuxarm.org/aarch64/extra/hyprgraphics-0.5.1-4-aarch64.pkg.tar.xz	f084a115374a913909f1a95db9f7e028a2b6a6b4ac3ac6da3e836ef5a0947a3c
hyprland	0.56.2-3	extra	aarch64	49881864	http://mirror.archlinuxarm.org/aarch64/extra/hyprland-0.56.2-3-aarch64.pkg.tar.xz	dba57b0cba04557b7fa3478253c93fe4c8e88737f8dd570c0820177f567e5a95
hyprland-guiutils	0.2.2-3	extra	aarch64	133804	http://mirror.archlinuxarm.org/aarch64/extra/hyprland-guiutils-0.2.2-3-aarch64.pkg.tar.xz	8467f16d37862c89659fa321155b1f601694e70cff3883dd852bc72f1db2df6a
hyprlang	0.6.8-5	extra	aarch64	98352	http://mirror.archlinuxarm.org/aarch64/extra/hyprlang-0.6.8-5-aarch64.pkg.tar.xz	bd92f455fe0dc221767ae349e0f416f70fda779f810ea5a98b1fac2c77ed6527
hyprtoolkit	0.5.4-6	extra	aarch64	388380	http://mirror.archlinuxarm.org/aarch64/extra/hyprtoolkit-0.5.4-6-aarch64.pkg.tar.xz	1389a7db4f440900b1cf533981401cd7743e551954b0e617a17866bd480676e7
hyprutils	0.14.2-1	extra	aarch64	197828	http://mirror.archlinuxarm.org/aarch64/extra/hyprutils-0.14.2-1-aarch64.pkg.tar.xz	a48f017818b0b6900d6bc0d2de890477e9d8abef3d416089f36635d168b12280
hyprwire	0.3.1-3	extra	aarch64	169708	http://mirror.archlinuxarm.org/aarch64/extra/hyprwire-0.3.1-3-aarch64.pkg.tar.xz	da2c68e1163143cda6fc2a3f4d4bdf5485d598dd1c672b2d382b75904f145aca
iniparser	4.3.0-1	extra	aarch64	18484	http://mirror.archlinuxarm.org/aarch64/extra/iniparser-4.3.0-1-aarch64.pkg.tar.xz	6945d09d3d1c666e60305c8feaa5b16113af5d74447fa499d568911f880569f3
jbigkit	2.1-8	extra	aarch64	48816	http://mirror.archlinuxarm.org/aarch64/extra/jbigkit-2.1-8-aarch64.pkg.tar.xz	ecaddb099f4a1f1bcbc1497fd0f3dc98581552b9eacaa17c5568211c38bec1db
lcms2	2.19.1-1	extra	aarch64	205460	http://mirror.archlinuxarm.org/aarch64/extra/lcms2-2.19.1-1-aarch64.pkg.tar.xz	5f93d01820b4e1a463f3cb11e19916bb3761b4faca20d4e1f0854329ba3f46f8
libdatrie	0.2.14-1	extra	aarch64	109632	http://mirror.archlinuxarm.org/aarch64/extra/libdatrie-0.2.14-1-aarch64.pkg.tar.xz	13f6aeb32f57d91c59ca68ce21abce48353081e886d3e8c2d89d5884b1f4b969
libdecor	0.2.5-1	extra	aarch64	42288	http://mirror.archlinuxarm.org/aarch64/extra/libdecor-0.2.5-1-aarch64.pkg.tar.xz	af8fc60c81c611bc74935468fb99b6651f69a1cdf67a7f84eb09fee6fb664016
libdeflate	1.26-1	extra	aarch64	56044	http://mirror.archlinuxarm.org/aarch64/extra/libdeflate-1.26-1-aarch64.pkg.tar.xz	d8798122abe2cdc8f496d7a65904b6c14bfcd4448d31a47629aaeb021d1134e9
libdisplay-info	0.3.0-1	extra	aarch64	113384	http://mirror.archlinuxarm.org/aarch64/extra/libdisplay-info-0.3.0-1-aarch64.pkg.tar.xz	73af5a8923b764610ed281c3d1529c73bfeb40dcb3a4015a1e36ef4fc1ba7e5d
libdrm	2.4.134-1	extra	aarch64	400060	http://mirror.archlinuxarm.org/aarch64/extra/libdrm-2.4.134-1-aarch64.pkg.tar.xz	d4173d7adc60d32d389e44e976447962c31bc23ff9a2153539bd8ad766e307b8
libei	1.6.0-1	extra	aarch64	107216	http://mirror.archlinuxarm.org/aarch64/extra/libei-1.6.0-1-aarch64.pkg.tar.xz	a09e6322764d03ed4dd9bc968d8fd22f9833ab859ce9316eeb496522ac0edb45
libepoxy	1.5.10-3	extra	aarch64	305076	http://mirror.archlinuxarm.org/aarch64/extra/libepoxy-1.5.10-3-aarch64.pkg.tar.xz	8bb73da9e2df09cf7798904a8709dfb49826a7a9c593a166cddd4a891a280724
libevdev	1.13.7-1	extra	aarch64	59144	http://mirror.archlinuxarm.org/aarch64/extra/libevdev-1.13.7-1-aarch64.pkg.tar.xz	66e217a86abda724b5335341b1272da42c1f1b2f022dc3c51c088ee7cf9c7fdf
libfontenc	1.1.9-1	extra	aarch64	14732	http://mirror.archlinuxarm.org/aarch64/extra/libfontenc-1.1.9-1-aarch64.pkg.tar.xz	e42320161bec71bafa2243ff203fa8a3306b0a0f91e90dd89291b093340ab1fc
libglvnd	1.7.0-3	extra	aarch64	315240	http://mirror.archlinuxarm.org/aarch64/extra/libglvnd-1.7.0-3-aarch64.pkg.tar.xz	5a163e41583346b55f25de580e10c2edb31f5c8662667531d0e476b7b1336338
libgudev	238-3	extra	aarch64	42040	http://mirror.archlinuxarm.org/aarch64/extra/libgudev-238-3-aarch64.pkg.tar.xz	54ad35f53e669683ef336aec62c9173b343b51efd4b6a7d3eb022708c1dc3c7e
libinput	1.32.0-1	extra	aarch64	212372	http://mirror.archlinuxarm.org/aarch64/extra/libinput-1.32.0-1-aarch64.pkg.tar.xz	defd6b2c7e9e5b9b2089eca649573c481be8b6066051353227190d723f299cc5
libjpeg-turbo	3.2.0-2	extra	aarch64	503296	http://mirror.archlinuxarm.org/aarch64/extra/libjpeg-turbo-3.2.0-2-aarch64.pkg.tar.xz	fd1cd460ef3a4bbeb1a660f9f4bbacd09d6dd817a10f0300891a6a552fddb5ec
libjxl	0.12.0-1	extra	aarch64	1243932	http://mirror.archlinuxarm.org/aarch64/extra/libjxl-0.12.0-1-aarch64.pkg.tar.xz	fb4a1fdfb0fe1e8434578abcd6c6e84d4e89a9bdb2ed44334f0a1a7a94306c45
libpciaccess	0.19-1	extra	aarch64	20856	http://mirror.archlinuxarm.org/aarch64/extra/libpciaccess-0.19-1-aarch64.pkg.tar.xz	d490a86384c25a9258e7eec84f5eaceca072e6ca45c37972e12f6e8a3da3766d
libpng	1.6.58-2	extra	aarch64	239264	http://mirror.archlinuxarm.org/aarch64/extra/libpng-1.6.58-2-aarch64.pkg.tar.xz	feeae0049a26cb65612180df8bd3916eccc1ac6c2b5c290598045403364a360e
librsvg	2:2.62.3-1	extra	aarch64	2011016	http://mirror.archlinuxarm.org/aarch64/extra/librsvg-2:2.62.3-1-aarch64.pkg.tar.xz	ac326e01c246024c62d4fea5b96513b82a198042057ae66b12641a05127aabae
libthai	0.1.30-1	extra	aarch64	252064	http://mirror.archlinuxarm.org/aarch64/extra/libthai-0.1.30-1-aarch64.pkg.tar.xz	6bef55010b97524e3e2c7de4ec8834df5971eab8fe8ac4c5f2e88e42fad28524
libtiff	4.7.2-1	extra	aarch64	354480	http://mirror.archlinuxarm.org/aarch64/extra/libtiff-4.7.2-1-aarch64.pkg.tar.xz	02a5d2d74019b39befd6cf63d9bde95a2d16f91b4d0d56939498375e0e491ffd
libunwind	1.8.3-1	extra	aarch64	132712	http://mirror.archlinuxarm.org/aarch64/extra/libunwind-1.8.3-1-aarch64.pkg.tar.xz	3cdbe9df64c78d640327afcd6e8b89a3a1b03fbfe2c001abe0c40fff367c41e8
libutf8proc	2.11.3-1	extra	aarch64	61592	http://mirror.archlinuxarm.org/aarch64/extra/libutf8proc-2.11.3-1-aarch64.pkg.tar.xz	3ada70c5f375dff19b1daa4407a6a838d0aa4d11b6b6522498f118dd37696cd8
libwacom	2.20.0-1	extra	aarch64	186028	http://mirror.archlinuxarm.org/aarch64/extra/libwacom-2.20.0-1-aarch64.pkg.tar.xz	65244f94217eb53ae252696e94edc8767a7f9e00d2923a15bdf2e79ec6a5aa32
libwebp	1.6.0-2	extra	aarch64	239984	http://mirror.archlinuxarm.org/aarch64/extra/libwebp-1.6.0-2-aarch64.pkg.tar.xz	0fb38b71173ed214640ab0b6d5ad22d85f884f4d368ca9fef927b51ee43d0f9e
libx11	1.8.13-1	extra	aarch64	2011676	http://mirror.archlinuxarm.org/aarch64/extra/libx11-1.8.13-1-aarch64.pkg.tar.xz	e68195a71049251a68c5073c2baebc0f2bba41dbdfada5a41dbbd28a37040f3c
libxau	1.0.12-1	extra	aarch64	11664	http://mirror.archlinuxarm.org/aarch64/extra/libxau-1.0.12-1-aarch64.pkg.tar.xz	f9abaead8ca4f0d4f9a6e181c3fcad8f96ddb9cf1d75d1d82a81c0ca8ad08a50
libxcb	1.17.0-1	extra	aarch64	996228	http://mirror.archlinuxarm.org/aarch64/extra/libxcb-1.17.0-1-aarch64.pkg.tar.xz	329a41249a09b4bb7f9b5f9694c1848c971188243cc1c0a479df4227800214c0
libxcomposite	0.4.7-1	extra	aarch64	11676	http://mirror.archlinuxarm.org/aarch64/extra/libxcomposite-0.4.7-1-aarch64.pkg.tar.xz	37f2d1eb8e2eeef41c0b6cc290aba66ed1783ada5657801929d5390893383978
libxcursor	1.2.3-1	extra	aarch64	32412	http://mirror.archlinuxarm.org/aarch64/extra/libxcursor-1.2.3-1-aarch64.pkg.tar.xz	9102597b8989250aa23379202a95ae15e2c7816e573d9bc81bc1bf4bc77b646f
libxcvt	0.1.3-1	extra	aarch64	10556	http://mirror.archlinuxarm.org/aarch64/extra/libxcvt-0.1.3-1-aarch64.pkg.tar.xz	4eadab34ee20d01d83f4b46dc040ec0de0e468b754be0c184d55d8fddd966d8a
libxdmcp	1.1.5-2	extra	aarch64	26648	http://mirror.archlinuxarm.org/aarch64/extra/libxdmcp-1.1.5-2-aarch64.pkg.tar.xz	aaf3575b4139a0ee675cbc15c03324d09892ded2188ac7cc326a8b36ef308496
libxext	1.3.7-1	extra	aarch64	103732	http://mirror.archlinuxarm.org/aarch64/extra/libxext-1.3.7-1-aarch64.pkg.tar.xz	bff987768ac6bb9ed809d49f3c171c93ccf0c7264c59ec7b0940e844ba4e53ac
libxfixes	6.0.2-1	extra	aarch64	13844	http://mirror.archlinuxarm.org/aarch64/extra/libxfixes-6.0.2-1-aarch64.pkg.tar.xz	be025023ed05babf0372515e8346128f5dd7eccd82fd51be6c3c88eb8881d7a2
libxfont2	2.0.9-1	extra	aarch64	88360	http://mirror.archlinuxarm.org/aarch64/extra/libxfont2-2.0.9-1-aarch64.pkg.tar.xz	cc74f8a2d3377f068b5f3c35619e333c1a331254298625666eac84a533b30347
libxft	2.3.9-1	extra	aarch64	58276	http://mirror.archlinuxarm.org/aarch64/extra/libxft-2.3.9-1-aarch64.pkg.tar.xz	30a770b25a75ff27cc96bf7b2c7fa8c022a6784786c1614a5a4564c86d1196af
libxkbcommon	1.13.2-1	extra	aarch64	263628	http://mirror.archlinuxarm.org/aarch64/extra/libxkbcommon-1.13.2-1-aarch64.pkg.tar.xz	76b922d87d0af0011072b156464041ec5674f24ff1c78b7e85132fda72c9a7e7
libxkbfile	1.2.0-1	extra	aarch64	69720	http://mirror.archlinuxarm.org/aarch64/extra/libxkbfile-1.2.0-1-aarch64.pkg.tar.xz	cb98c65dd555dc3bd7dfbeb2745966da3631be2ac218bcf234f73bdf6ea33deb
libxrandr	1.5.5-1	extra	aarch64	25596	http://mirror.archlinuxarm.org/aarch64/extra/libxrandr-1.5.5-1-aarch64.pkg.tar.xz	50ced1a5945e325ef28fd4a5f9ee3e45e49f538841271f49326916576213a5f3
libxrender	0.9.12-1	extra	aarch64	27784	http://mirror.archlinuxarm.org/aarch64/extra/libxrender-0.9.12-1-aarch64.pkg.tar.xz	f5f344d116ff42b379c50ef595e7e9a3a6f7ed09357f8cd3acab90a3d11c9960
libxshmfence	1.3.3-1	extra	aarch64	6188	http://mirror.archlinuxarm.org/aarch64/extra/libxshmfence-1.3.3-1-aarch64.pkg.tar.xz	d137d6cc13a75284267cd56beabfde6094fb1a4f8fb373af555c2e47c0e6b636
libxxf86vm	1.1.7-1	extra	aarch64	15016	http://mirror.archlinuxarm.org/aarch64/extra/libxxf86vm-1.1.7-1-aarch64.pkg.tar.xz	9c07efd6fe6040a7e2d19af307c74d5f2235b6313e74710a29ecedb56f9a6ded
libzip	1.11.4-1	extra	aarch64	258420	http://mirror.archlinuxarm.org/aarch64/extra/libzip-1.11.4-1-aarch64.pkg.tar.xz	6f108f41399e25a1c20c4deb0b4c89d41d568f810c78104d20628fb7eb241f83
llvm-libs	22.1.8-2	extra	aarch64	36838688	http://mirror.archlinuxarm.org/aarch64/extra/llvm-libs-22.1.8-2-aarch64.pkg.tar.xz	f3119b25813452a1cddd84ea985d7d76d9da41201b39e82f15cf23c2d3ed348e
lm_sensors	1:3.6.2-1	extra	aarch64	125904	http://mirror.archlinuxarm.org/aarch64/extra/lm_sensors-1:3.6.2-1-aarch64.pkg.tar.xz	dc855daccb5fe4a7f89702db47bd3c53b3047dee8de92df2de975fe130985eb5
lua	5.5.1-1	extra	aarch64	309320	http://mirror.archlinuxarm.org/aarch64/extra/lua-5.5.1-1-aarch64.pkg.tar.xz	bc30a8770a0e8bf42cdba5b49c1dcffce547396405526130845719cab5adf72d
lua54	5.4.9-1	extra	aarch64	295844	http://mirror.archlinuxarm.org/aarch64/extra/lua54-5.4.9-1-aarch64.pkg.tar.xz	a62e066b9be68ff57fcbacaef77a9b01abca19f8524a9896f4e90b2cae1f55ef
lzo	2.10-5	core	aarch64	78388	http://mirror.archlinuxarm.org/aarch64/core/lzo-2.10-5-aarch64.pkg.tar.xz	7831512f18a7764b64f04c2c3483405c7576aefaf543b3fcfd462721afcf3c7d
mesa	1:26.2.3-1	extra	aarch64	12641532	http://mirror.archlinuxarm.org/aarch64/extra/mesa-1:26.2.3-1-aarch64.pkg.tar.xz	7cfebbe7a026f65134aed27d55892b022071d59333a48a4e385b294f4c4387c1
mtdev	1.1.7-1	extra	aarch64	16448	http://mirror.archlinuxarm.org/aarch64/extra/mtdev-1.1.7-1-aarch64.pkg.tar.xz	c6629223522c2e0f239fae28319c2519d4e584ea9dd4a0bd05ac3e830d445808
muparser	2.3.5-2	extra	aarch64	140064	http://mirror.archlinuxarm.org/aarch64/extra/muparser-2.3.5-2-aarch64.pkg.tar.xz	b24f24e43aa24fb1741e4c83a4da982275501e8cdf04677997067bb1cc1fab26
pango	1:1.58.2-1	extra	aarch64	414852	http://mirror.archlinuxarm.org/aarch64/extra/pango-1:1.58.2-1-aarch64.pkg.tar.xz	89712127cef41515a3a7b92bc632dcb9c635e9088126ee238d3b63f675d4e7eb
pixman	0.46.4-1.1	extra	aarch64	181292	http://mirror.archlinuxarm.org/aarch64/extra/pixman-0.46.4-1.1-aarch64.pkg.tar.xz	4d20f22998a75c9fe1d38c86cd6f4324120fc2bb02f4a749e4794daac6b87dd2
pugixml	1.16-1	extra	aarch64	94336	http://mirror.archlinuxarm.org/aarch64/extra/pugixml-1.16-1-aarch64.pkg.tar.xz	dc5562ca261b061942aba15b463223a492b4e3f53d427c63cf9583d46b5e2069
re2	2:2025.11.05-6	extra	aarch64	194992	http://mirror.archlinuxarm.org/aarch64/extra/re2-2:2025.11.05-6-aarch64.pkg.tar.xz	3b970a665b28815a94bd3695646e7dc42af77b78eb7370c4fea59cfedbb2395c
seatd	0.9.3-1	extra	aarch64	37408	http://mirror.archlinuxarm.org/aarch64/extra/seatd-0.9.3-1-aarch64.pkg.tar.xz	0eb64d4af642f43af2309176be32e66534f84cb03edd49ad0666fc6a1c4063b7
shared-mime-info	2.5.1-2	extra	aarch64	703476	http://mirror.archlinuxarm.org/aarch64/extra/shared-mime-info-2.5.1-2-aarch64.pkg.tar.xz	1a13b14aec99ae2c7666e73b7b5f74b6c899f80fc9bf26d089ea51fe2cb4d821
spirv-tools	1:1.4.357.0-1	extra	aarch64	1935624	http://mirror.archlinuxarm.org/aarch64/extra/spirv-tools-1:1.4.357.0-1-aarch64.pkg.tar.xz	e49c54afc1e11b1a915df17ba380c4c4402477a5d5370417801a87df3388ae59
tomlplusplus	3.4.0-1	extra	aarch64	164828	http://mirror.archlinuxarm.org/aarch64/extra/tomlplusplus-3.4.0-1-aarch64.pkg.tar.xz	79fb3aaffdb83b811096032183d34960ec7ae136a28217bf626c9a45ad750422
ttf-jetbrains-mono-nerd	3.5.1-2	extra	any	18962612	http://mirror.archlinuxarm.org/aarch64/extra/ttf-jetbrains-mono-nerd-3.5.1-2-any.pkg.tar.xz	967fcc3690a1a71a3947de30e46a1be3f01d18250ad63f21dfde5de4d454d033
wayland	1.26.0-1	extra	aarch64	143632	http://mirror.archlinuxarm.org/aarch64/extra/wayland-1.26.0-1-aarch64.pkg.tar.xz	9382b38f97ee3841597f89aa6ca1fceea3d968ae759151eaab9c4b5373d1ce72
wayland-protocols	1.49-1	extra	any	139436	http://mirror.archlinuxarm.org/aarch64/extra/wayland-protocols-1.49-1-any.pkg.tar.xz	9678c0d371ecfb5041b1b1d8a7986977bd82b7233984dbe25b33a54da0dbee27
xcb-proto	1.17.0-4	extra	any	127676	http://mirror.archlinuxarm.org/aarch64/extra/xcb-proto-1.17.0-4-any.pkg.tar.xz	c494c60bbb63fe42cd68a37710d389818611775fd74dcb228d901003958aa8ee
xcb-util	0.4.1-2	extra	aarch64	11788	http://mirror.archlinuxarm.org/aarch64/extra/xcb-util-0.4.1-2-aarch64.pkg.tar.xz	acf6f8f974bb4c5aa982eb8e9f7e988704807b3db9d747ce98f6ca1ffaa17b5f
xcb-util-errors	1.0.1-2	extra	aarch64	12944	http://mirror.archlinuxarm.org/aarch64/extra/xcb-util-errors-1.0.1-2-aarch64.pkg.tar.xz	50bbcefde3803aba7a8a4502e927fff5e71261c6e6b82d32e478ae5d2ec8af24
xcb-util-image	0.4.1-3	extra	aarch64	17068	http://mirror.archlinuxarm.org/aarch64/extra/xcb-util-image-0.4.1-3-aarch64.pkg.tar.xz	e615d2753b21b48d40317c603a75f41c3a1c5ac06a159a7af2b35708a1cc13a6
xcb-util-keysyms	0.4.1-5	extra	aarch64	7568	http://mirror.archlinuxarm.org/aarch64/extra/xcb-util-keysyms-0.4.1-5-aarch64.pkg.tar.xz	05bd273ab344ea9d8fd44d1688f8ac5aa009071672bbc8b50571c252c39dfe7a
xcb-util-renderutil	0.3.10-2	extra	aarch64	9368	http://mirror.archlinuxarm.org/aarch64/extra/xcb-util-renderutil-0.3.10-2-aarch64.pkg.tar.xz	87ab6eb530aaf6a2cf25af677ceb4493346ff319bb86e041afb9408e606784e3
xcb-util-wm	0.4.2-2	extra	aarch64	31348	http://mirror.archlinuxarm.org/aarch64/extra/xcb-util-wm-0.4.2-2-aarch64.pkg.tar.xz	cca68248ca0d4a83382cac35fec66e8965e121d792ab2cb54a048fd7f514b92e
xkeyboard-config	2.48-1	extra	any	843224	http://mirror.archlinuxarm.org/aarch64/extra/xkeyboard-config-2.48-1-any.pkg.tar.xz	6ee5de46d25850dee96be9c28f9870ea2ae0b19ac8fb3c2194d31b9649b03ecd
xorg-fonts-encodings	1.1.0-2	extra	any	578240	http://mirror.archlinuxarm.org/aarch64/extra/xorg-fonts-encodings-1.1.0-2-any.pkg.tar.xz	1e6b1699140df659a049dc9094fc3b08a60b624db748bc004f28db51e5bfa641
xorg-server-common	21.1.24-1	extra	aarch64	27340	http://mirror.archlinuxarm.org/aarch64/extra/xorg-server-common-21.1.24-1-aarch64.pkg.tar.xz	0f508f5fe3c6b51764bb1b24d19a74670aee164710df2db894cc2f7b174db41c
xorg-setxkbmap	1.3.5-1	extra	aarch64	13496	http://mirror.archlinuxarm.org/aarch64/extra/xorg-setxkbmap-1.3.5-1-aarch64.pkg.tar.xz	a3323ae651b0477c7c411e431d68debef85eef9d2f15ca90d89e383e2fad08a4
xorg-xkbcomp	1.5.0-1	extra	aarch64	81536	http://mirror.archlinuxarm.org/aarch64/extra/xorg-xkbcomp-1.5.0-1-aarch64.pkg.tar.xz	7c30d6aa484ff17ab36c3c33ae145195831458751e901b96b92b3398abc96611
xorg-xwayland	24.1.13-1	extra	aarch64	851316	http://mirror.archlinuxarm.org/aarch64/extra/xorg-xwayland-24.1.13-1-aarch64.pkg.tar.xz	b7d626d41761d9829ea722086e04a8df53cddf12c2341ab2b99e0080badd6a1a
xorgproto	2025.1-1	extra	any	238696	http://mirror.archlinuxarm.org/aarch64/extra/xorgproto-2025.1-1-any.pkg.tar.xz	682bdb76951a10606b0f3dfaa6e3fd48df2bd183a060e66aa23fbce2473bca53
